id,sentimen,tweet,emoticon_score,ortografi,exclamation,lexicon_score,lexicon_pos_score,lexicon_neg_score,jj,neg
6001,0,tertawa setuja tahlah pusing tidak pulak ahli contek mencontek,0,0.0,0,-1,2,3,0,1
6002,1,semangat perjuangan selesai sbmptn test lainya semangat Ã£ Ã¢ Ã¢ Ã£ Ã¢ Ã¢ Â½ Ã£ Ã¥ Ã¢ Ã£ Ã¢ Ã¢Â½ Ã£ Ã¢ Ã¢,0,0.09090909090909091,1,4,4,0,0,0
6003,1,fakta tim ngalahin barca semifinal juara ucl contohnya kaya inter chelsea hm,0,0.0,0,2,2,0,2,0
6004,1,motivator fenomenal Ã£ Ã¢ Ã¢ kak ranga tertawa,0,0.0,0,2,2,0,1,0
6005,1,ngopi kabar paripurna arahnya vanila cafe,0,0.0,0,0,0,0,0,0
6006,1,rtuh tertawa budi gila sms mila pakai kata-kata sayang tidak tahunya p p,0,0.0,0,1,2,1,0,1
6007,1,diner pacar orang spesial sambal s warung,0,0.0,0,1,1,0,3,0
6008,1,senang guguk jenis inih jaga rumah keren sangat with sika pic Ã£ Ã¢ Ã¢,0,0.0,0,3,3,0,0,0
6009,1,cieh senang coy tuhkankan wak Ã£ Ã¢ Ã¢,0,0.0,0,1,1,0,0,0
6010,0,tidak dipakai kali au tidak mengerti,0,0.0,0,0,0,0,0,2
6011,0,hpku sepi gakayak hpnya eje,0,0.0,0,-1,0,1,0,0
6012,0,rajin marahin guru tlat rajin rutin,0,0.0,0,2,2,0,0,0
6013,0,gabut hangat dbwah with ruang hrd mpg media Ã£ Ã¢ Ã¢,0,0.0,0,0,1,1,0,0
6014,1,menang menang alenya pit novita tidak menang kebangetan,0,0.0,0,1,3,2,0,1
6015,0,orang bercakap cakap bahasa asing angkutan ngelirik sinis hati sombong susahmaju,0,0.0,0,-1,2,3,1,0
6016,1,berhubung malam nispu nanad map iya mapin salah,1,0.0,0,-1,0,1,1,0
6017,0,gelisah,0,0.0,0,-1,0,1,0,0
6018,1,nyaman pakai ubuntul adroino p pakai ubuntu,0,0.0,0,1,1,0,0,0
6019,0,libur libur horay horay pagi-pagi sakit perut gusi bengkak nya sih,0,0.0,0,0,2,2,1,0
6020,0,ngebet mi iya habis kecelakan motor kakak luka dikakinya,-1,0.0,0,-1,0,1,1,0
6021,0,nonton chibi tidak yak sih Ã£ Ã « Ã¢Â¹,0,0.0,0,0,0,0,0,2
6022,0,tidak maksudnya hasil ulanganya pas rata-ratainya gasalah,0,0.0,0,1,1,0,1,1
6023,1,tertawa ae juwitart a panda remajaindonesia lucu a panda b koala,0,0.0,0,2,2,0,0,0
6024,1,bersatu kuat pic Ã£ Ã¢ Ã¢,0,0.0,1,1,1,0,1,0
6025,1,tidak demo kenaikan bm he,0,0.0,0,1,1,0,0,1
6026,0,dimana ns toilet moi rt iya allah kasihan bayi dibuang pipa toilet talipusernya orang tua,2,0.0,0,-2,1,3,1,0
6027,0,gendut fisika mihpit,-1,0.0,0,-1,0,1,1,0
6028,1,ndah avatar cantik,0,0.0,0,1,1,0,1,0
6029,1,tertawa iya belajar iya oh iya iya tidak rumah kakak du,0,0.0,0,1,2,1,0,1
6030,1,iya disiplin kebiasan kaku membosankan tambahkan kreatifitas segar menyenangkan,0,0.0,0,1,2,1,1,0
6031,1,enaknya yv sarapan rawon setan,0,0.0,0,-1,0,1,0,0
6032,0,meting nyari-nyari pulpen asu pulpen hilang molo simpen dimeja kaya sekolah pulpen hilang molo,0,0.0,0,-2,0,2,1,0
6033,0,asli bersaman,0,0.0,0,1,1,0,1,0
6034,0,sabtu cepat sih Ã£ Ã¥ Ã¢ Ã£ Ã¢ Ã¢Â½ _ Ã£ Ã¥ Ã¢ Ã£ Ã¢ Ã¢Â½,0,0.0,0,1,1,0,1,0
6035,0,aries kesehatan dirasa badan fit tidak memaksakan,0,0.0,0,1,1,0,0,1
6036,0,pindah orang orang bumi jahat jahat,-1,0.0,0,-2,0,2,0,0
6037,1,god morning auntie uncle Ã£ Ã¢ Ã¢ Â½ Ã£ Ã¥ Ã « pesona amsterdam i 4 81 kota wisata pic Ã£ Ã¢ Ã¢,0,0.0,0,1,1,0,0,0
6038,0,efeknya parah males sukatidurmulu gabisamikir nontontvmulu mainanmulu twiteran pesbukan,0,0.0,0,-2,0,2,1,0
6039,1,kenyang pulang beli _ z,-1,0.0,0,1,1,0,0,0
6040,0,oke terserah puput situ salah lihat kali,0,0.0,0,-1,1,2,1,0
6041,1,amasa iya deh hati alhamdulilah iya,0,0.0,0,2,2,0,0,0
6042,1,iya jujur,0,0.0,0,1,1,0,1,0
6043,0,stasiun depok mengeluh _ Ã£ Ã¢ Ã¢,-2,0.0,0,-1,0,1,1,0
6044,1,cakap kece nyukain sayang pacar tertawa heh,0,0.0,0,4,4,0,1,0
6045,0,tatap-tatapan p,0,0.0,0,0,0,0,0,0
6046,1,via android seputarandroid acer liquid znya telepon seluler android layar mungil,0,0.0,0,1,1,0,0,0
6047,0,kaya mah jangan kasih sih untung nya nyilet nyilet tangan uang perak sakit,0,0.0,0,-1,2,3,1,1
6048,0,hai calon kelas merasakan semoga pas kelas praktik kimia pertimbangan kelulusan iya Ã£ Ã¢ Ã¢Â½ Ã£ Ã¢ Ã¢ Â½ Ã£ Ã¢ Ã¢,0,0.0,0,2,2,0,0,0
6049,1,tidak sabar nonton gelora karno cfctour asia,0,0.0,0,-1,0,1,0,1
6050,1,hua emotxtawa mey lucu lho sumpah rumah kunci kamar mandi teriak-teriak,1,0.0,1,1,1,0,0,0
6051,0,ngehasut nadia biar pindah lampung mah enak nya liburan sekolah,0,0.0,0,0,1,1,1,0
6052,1,sbrpa kesalahan dimasa ukuran sbrpa perjuangamu memperbaiki kehidupanmu,0,0.0,0,-1,0,1,0,0
6053,0,tanda tanda tamu tidak diundang bermunculan sakit Ã£ Ã¢ Ã¢ Â½ Ã£ Ã¢ Ã¢ Â¼ Ã£ Ã¢ Ã¢Â½ Ã£ Ã¢ Ã¢Â½,0,0.0,0,-1,0,1,1,1
6054,0,anak-anak cemara sewot bilang sombong Ã£ Ã¢ Ã¢Â½,0,0.0,0,-1,0,1,0,0
6055,0,pida jelous pida si emotxtawa h rtrt heh pacaran jangan tl iri,1,0.0,2,-2,0,2,0,0
6056,0,emotxtawa sakit perut ndah males kemana _ tungu mae tertawa nyamper _,-1,0.0,0,-1,1,2,0,0
6057,0,tekat ku abang nama ku sulit butuh pengorbanan,2,0.0,0,-1,0,1,1,0
6058,0,tidak peka cewek bilang gakpapa apanya dicuekin iya parah ngambeknya,0,0.0,0,-2,0,2,3,1
6059,1,hm marcel chandrawinata cakap tertawa,0,0.0,0,2,2,0,0,0
6060,0,tidak gerakan tari hosa e,0,0.0,0,0,0,0,0,1
6061,0,cibinong garut bandung jekardah cibinong iya lumayan pegel pegel az,0,0.0,0,-2,0,2,0,0
6062,0,sombong dm gadibales,-1,0.0,0,-1,0,1,0,0
6063,0,senin kamis kali min _ kasihan besok puasa senin jumat tertawa besok kenyang,-2,0.0,0,1,2,1,0,0
6064,1,coy coy show imah seru x_x emotxtawa xd,-1,0.0,0,1,1,0,0,0
6065,1,iya semangat tufl iya habis tufl siangnya karokean tertawa,0,0.0,1,2,2,0,0,0
6066,0,tidak kuat diam lamalama,0,0.0,0,-1,1,2,2,1
6067,0,hidup diasingkan hidup penuh kemunafikan,0,0.0,0,-1,2,3,1,0
6068,0,jenuh lelah bosan,0,0.0,0,-3,0,3,0,0
6069,1,Ã£ Ã¢ Ã¢ Â½ Ã£ Ã¥ Ã¢ Ã£ Ã¢ Ã¢Â½ Ã£ Ã¢ Ã¢Â½ Ã£ Ã¢ Ã¢ Â½ Ã£ Ã¢ Ã¢ Ã£ Ã¢ Ã¢Â½ iya sabar sabar iya berhenti yakali ujan tidak,0,0.0,0,2,2,0,0,1
6070,0,dengar suara jelek nyanyi ficering ceritanya sih comate,0,0.0,0,-1,0,1,0,0
6071,0,ramai gila tanah abang Ã£ Ã¢ Ã¢,0,0.0,0,0,1,1,1,0
6072,0,diciptain tidak lucu kali iya Ã£ Ã¥ Ã¢ Ã£ Ã¢ Ã¢Â½ _ Ã£ Ã¥ Ã¢ Ã£ Ã¢ Ã¢Â½ yaudalah syukurin,0,0.0,0,-2,0,2,0,1
6073,0,tidak kakak dew kerjain wi ms ani tidak yunho,-2,0.0,0,0,0,0,1,2
6074,0,acik trio jmblo pesan jan kesedihan iah,0,0.0,0,-1,0,1,1,0
6075,0,sok pengusaha ge tidak bantu cari costumer marah mangkanya jangan ngabisin uang orangtua,0,0.0,0,-3,0,3,1,1
6076,0,rumah kaya gudang,0,0.0,0,0,0,0,1,0
6077,0,maaf iya libur mingu sih pulang kerja tidak macet Ã£ Ã¥ Ã¢ Ã£ Ã¢ Ã¢Â½ _ Ã£ Ã¥ Ã¢ Ã£ Ã¢ Ã¢Â½,0,0.0,0,3,3,0,1,1
6078,0,lho tidak jam sibuk mengisi tes tertulis semarang dilewatkan Ã£ Ã¢ Ã¢Â½,-2,0.0,0,0,1,1,0,1
6079,0,tanggal lomba bareng smp ah semoga ketemu pokegagakhitam,0,0.0,1,1,1,0,0,0
6080,0,huah dasar lau eh cewek lau tidak marah tidak twtr,0,0.0,0,1,1,0,1,2
6081,0,lelah dian lelah hah Ã£ Ã¥ Ã¢ Ã£ Ã¢ Ã¢Â½ _ Ã£ Ã¥ Ã¢ Ã£ Ã¢ Ã¢Â½,0,0.0,0,-2,0,2,0,0
6082,1,selamat pagi teman teman khejucrabs selamat berkatifitas jangan lupa sarapan semangat,0,0.0,0,3,4,1,1,0
6083,1,puluh rebuan rt murah pokoknya beli baju a emotxtawa sialan diskonya berap,1,0.0,0,0,1,1,1,0
6084,0,they tidak kuat lambaikan tangan arah camera cameranya p,0,0.0,0,-1,0,1,2,1
6085,1,kuat iya,1,0.0,0,1,1,0,1,0
6086,1,tidak bandel disana sholat thu,0,0.0,0,2,2,0,0,1
6087,1,emotxtawa keren,1,0.0,0,1,1,0,0,0
6088,0,tidak mengerti bingung serba salah,0,0.0,0,-1,1,2,1,1
6089,0,jiah dingin butuh anget,0,0.0,1,-1,0,1,0,0
6090,1,alhamdulilah orang remove ana facebook ana bingung salah tergangu status ana bersosmed,0,0.0,0,-1,1,2,1,0
6091,0,waw ngertin sakit,1,0.0,0,-1,0,1,1,0
6092,1,hei wanita cantik invite erisa weding,0,0.0,0,1,1,0,0,0
6093,1,tidak pakai,0,0.0,0,0,0,0,0,1
6094,0,baong racun ih dititah ge baong ah sok nu beda sarua atuhla ih,0,0.0,0,-1,0,1,1,0
6095,1,cantik kak,0,0.0,0,1,1,0,0,0
6096,1,bagus bagusrt oke danangwahyuio siprt iya nang danangwahyuio iya rt,0,0.0,0,2,2,0,1,0
6097,1,terima kasih iya perhatian sangat tidak kehilangan deh,0,0.0,0,2,2,0,1,1
6098,1,cepat pagi morning Ã£ Ã¢ Ã¢ Ã£ Ã¢ Ã¢ Â½0 Ã£ Ã¢ Ã¢,0,0.0,0,1,1,0,1,0
6099,0,twiter rakyat menertawakan presidenya memaki-memaki pejabat coba presiden berani menertawakan rakyatnya dunia maya,1,0.0,0,1,1,0,1,0
6100,0,kucing sialan,0,0.0,0,-1,0,1,0,0
6101,0,angkat telepon,0,0.0,0,0,0,0,0,0
6102,0,ah meler hidung,0,0.0,0,0,0,0,1,0
6103,1,s Ã£ Ã¢ Ã¢Â½ Ã£ Ã¢ Ã¢Â½ s Ã£ Ã¢ Ã¢Â½ Ã£ Ã¢ Ã¢Â½ sayang iya bebey terima kasih iya,0,0.0,0,2,2,0,0,0
6104,0,tidak berpengaruh adenya minum vit c kakak biar mangat tidak semangat koding,0,0.0,0,-1,0,1,0,2
6105,0,emotxtawa ketahuandeh hub awet eon jh_juliejiantie ea ea ea suka merayu jelek emotxtawa,2,0.0,0,0,1,1,0,0
6106,0,fikir enak pulang malam robot,0,0.0,2,1,1,0,0,0
6107,1,tidak na pacar tidur cantik kali emotxtawa,1,0.0,0,1,1,0,1,1
6108,1,kangen rumah rapi iya,0,0.0,0,0,1,1,0,0
6109,1,Ã£ Ã¢ Ã¢ Â½ Ã£ Ã¢ Ã¢Â½ Ã£ Ã¢ Ã¢ Â½ Ã£ Ã¢ Ã¢ Ã£ Ã¢ Ã¢Â½ emotxtawa iya bagus menghalalkan haram a emotxtawa ngebet,2,0.0,0,0,1,1,1,0
6110,1,pilihan selamat pagi bismilah,2,0.0,0,2,2,0,1,0
6111,0,sejaj kblkn _ kebalikan emotxtawa jahat orang seriusan,-1,0.0,0,-1,0,1,0,0
6112,0,udahlah kaya bicara bodoh,0,0.0,0,-1,0,1,2,0
6113,0,marah tidak difoto acara motret acara menemani anaknya main dara iya deh pic Ã£ Ã¢ Ã¢,0,0.0,0,-1,0,1,1,1
6114,0,mention mention,-1,0.0,0,0,0,0,0,0
6115,0,juni malam muda mudi dikenal jakarta night festival anak sepeda serbu tidak kasi lihat penduduk jakarta eksis,0,0.0,0,0,1,1,1,1
6116,0,iya terbongkar tidak bohong terpojokan,1,0.0,0,1,1,0,0,1
6117,0,vidi whosingthis cinta hilang cinta ketuk pintu hati sepi ku buka sepenuh hati,0,0.0,0,2,4,2,2,0
6118,0,hadeuh nyamuk kaya kebon,0,0.0,0,-1,0,1,1,0
6119,0,deh sakit,0,0.0,0,-1,0,1,1,0
6120,0,lho cepat pulang iya tidak bilang sih cpxp,0,0.0,0,1,1,0,1,1
6121,0,jangan bilang sakit Ã£ Ã¥ Ã¢,0,0.0,0,-1,0,1,0,1
6122,0,au ah mod berantakan line balas,-2,0.0,0,-1,0,1,0,0
6123,1,setujuh sekeren kerenya rebut pacar orang keren mencari kebahagian pacar merebut orang,0,0.0,0,1,1,0,1,0
6124,0,berpikir pstv jangan berpikiran negativ tidak lho buang pikiran negativ negativ rumit,1,0.0,1,-4,1,5,0,1
6125,0,eh setan teriak setan o o,0,0.0,0,-2,0,2,0,0
6126,0,bali kaya pesantren rock rol emotxtawa h,1,0.0,0,0,0,0,1,0
6127,0,hadoh sih b indo tidak mengerti si indikator ngejelasin nya tidak,0,0.0,0,-1,0,1,0,2
6128,1,untung lagu bad girl Ã£ Ã¢ Ã¢ Ã£ Ã « Ã¢Âº lagu asik,0,0.0,0,2,2,0,1,0
6129,1,ah githa main nya kesini mengayuh sepeda tidak mengayuh sepeda bareng,1,0.0,0,0,0,0,0,1
6130,1,welcome in my new life,0,0.0,0,0,0,0,0,0
6131,1,eh jangan peran tidak bagus lek coba ceritain endingnya boy emotxtawa ikutlah,1,0.0,0,-1,0,1,1,1
6132,0,Ã£ Ã¢ Ã¥ sibuk cari rupiah adik sibuk kak Ã£ Ã¢ Ã¢Â½,0,0.0,0,-2,0,2,0,0
6133,0,tidak untung jawa susi susah sinyal lipokarawaci,0,0.0,0,-2,0,2,0,1
6135,1,biarin ta emotxtawa bocah jorok Ã£ Ã¢ Ã¢ Â¾ Ã£ Ã¢ Ã¢ Ã£ Ã¢ Ã¢Â¾ Ã£ Ã¢ Ã¢ Â½ Ã£ Ã¢ Ã¢ rt mandi dolo ah siang ting,3,0.0,0,-1,0,1,0,0
6136,1,sahabat jail menyakiti tertawa,1,0.0,0,0,1,1,0,0
6137,1,kantuk mengalahkan penasaran lihat si tarno uji nyali emotxtawa,1,0.0,0,2,2,0,0,0
6138,1,nomor keberuntungan orang januari,0,0.0,0,1,1,0,0,0
6139,0,penasaran si wina bilang 17 _,-1,0.0,0,1,1,0,0,0
6140,1,semangkok bubur kakak perempuan manis hangat kue pukis alhamdulilah,1,0.0,0,3,3,0,0,0
6141,0,mati apapun Ã£ Ã¢ Ã¢Â½,0,0.0,0,-1,0,1,0,0
6142,1,selamat pagi selamat ritahun nisa,0,0.0,1,2,2,0,1,0
6143,1,suporter bulutangkis semangat iya indonesia,0,0.0,0,1,1,0,0,0
6144,1,keren a emotxtawa soda api p hua emotxtawa mantan kerumah kakak kasih minum kak,2,0.0,0,2,2,0,1,0
6145,0,tk pan min maaf tidak berhasil instal aplikasi tanyalkitab tk tk buka,0,0.0,0,-1,0,1,0,1
6146,1,kelasi dikampung cewek bodoh disana kutu buku kutu tertawa,0,0.0,0,0,1,1,0,0
6147,0,kecewa,0,0.0,0,-1,0,1,0,0
6148,1,sayang pin nya,0,0.0,0,1,1,0,0,0
6149,1,morning babas Ã£ Ã¢ Ã¢ morning pwt semangat iya semoga ketemu cjrgeneration-cjrgeneration013,0,0.0,0,2,2,0,0,0
6150,1,sombong luh hitam wina jenong tembem sayang p,0,0.0,1,-1,1,2,1,0
6151,1,kece kak ryan,0,0.0,0,1,1,0,0,0
6152,0,sakit hati kali eh sakit,-1,0.0,0,-1,1,2,1,0
6153,1,Ã£ Ã « Ã¢ rt duanya cinta duanya memperjuangkan hubungan,0,0.0,0,1,1,0,0,0
6154,0,tes tes pemahaman alkitab fiuh _,-1,0.0,0,0,0,0,1,0
6155,1,kuliah tertawa terima kasih kabar,3,0.0,0,2,2,0,0,0
6156,0,cewek yah hawanya ksel marah-marah melulu _,-1,0.0,0,-1,0,1,0,0
6157,0,dibilang aneh mah mama bilang Ã£ Ã¢ Ã¢ Â½ Ã£ Ã¥ Ã¢ Ã£ Ã¢ Ã¢Â½,0,0.0,0,-2,0,2,1,0
6158,1,wanjir game legendaris seram saudara laki laki juli game civilization v brave new world gajah mada of indonesia,0,0.0,0,0,1,1,0,0
6159,1,3 cewek akun cantik cantik cowoknya kece kece eksmud 3,2,0.0,0,4,4,0,0,0
6160,1,untung raisa selo kibasrambut,0,0.0,0,1,1,0,0,0
6161,0,dingin,-1,0.0,0,-1,0,1,0,0
6162,1,muslim dituntut melaksanakan kewajiban fundamen islam sangat,0,0.0,0,0,0,0,0,0
6163,0,orang pintr tidak cocok tom nimrung salah almt tertawa,0,0.0,0,-1,1,2,1,1
6164,1,care serba tulus tomorowadminrafting syarat tuk pacarmu,0,0.0,0,1,1,0,0,0
6165,1,huaw tankyu kakak iya lega cerita terima kasih Ã£ Ã¢ Ã¢Â½,-2,0.0,0,3,3,0,0,0
6166,1,ye ketek norak tertawa,0,0.0,0,0,1,1,0,0
6167,1,menikmati suasana malam besok surya terbit panarub laboratory pic Ã£ Ã¢ Ã¢,0,0.0,0,1,1,0,0,0
6168,1,ah sayang disuruh diet kampleng tertawa ngambing melampiaskan keki an kambing saudara,0,0.0,1,2,2,0,0,0
6169,1,iya sih emotxtawa males oke deh kamis meg,1,0.0,0,0,1,1,0,0
6170,1,janji gabakal kaya,1,0.0,0,0,0,0,2,0
6171,0,kesal ayah tidak habis pikir deh _,-1,0.0,1,-1,0,1,1,1
6172,1,semangat duta ime jgj,0,0.0,1,1,1,0,0,0
6173,1,palingan terlambat Ã£ Ã¢ Ã¥ Â¾ Ã£ Ã¢ Ã¢ Â¹ Ã£ Ã¢ Ã¢Â½ Ã£ Ã¢ Ã¢Â½ yoman habis shalat langsung caw yawn tertawa bagus habis magh,0,0.0,0,1,2,1,1,0
6174,0,ngaku-ngaku kertas binder nya asli asli palsu belinya abang ager oia kertas file nyebutnya,1,0.0,0,1,2,1,3,0
6175,0,abisnya pamer pamer _ jahat _ selengkatkakifahrul,-3,0.0,0,-1,0,1,0,0
6176,1,emotxtawa njir tertawa rt berharap fatin menang suaranya keren nyanyi sunlight mama lemon sunlight mama lemon,1,0.0,1,3,3,0,0,0
6177,0,ilmuwan fakta pengunan senjata kimia rezim asad kejam,0,0.0,0,0,1,1,1,0
6178,0,tidak maco be tidak akh tapo jahat _ feminim sih akh tidak seru,-2,0.0,2,-2,0,2,1,3
6179,1,makan siang cantik with michael joshua ipeke komachi Ã£ Ã¢ Ã¢,0,0.0,0,2,2,0,0,0
6180,0,sok bijak kamfret deh Ã£ Ã¢ Ã¢Â½ Ã£ Ã¢ Ã¢ Â½0 Ã£ Ã¢ Ã¢Â½ Ã£ Ã¢ Ã¢Â½,0,0.0,1,0,1,1,0,0
6181,0,njir merokok samping asep rokok bau,0,0.0,0,-1,0,1,0,0
6182,1,perawatan lengkap ujung kaki ampe ujung rambut dada kudunya dirawat,0,0.0,0,1,1,0,0,0
6183,1,teman curahan hati enak habis tidak cepu unknown,0,0.0,0,2,2,0,1,1
6184,1,beruntung tidak salahnya coba,0,0.0,0,2,2,0,0,1
6185,1,Ã£ Ã¢ Ã¢Â½ Ã£ Ã¢ Ã¢Â½ Ã£ Ã¢ Ã¢Â½ Ã£ Ã¢ Ã¢Â½ Ã£ Ã¢ Ã¢Â½ Ã£ Ã¢ Ã¢Â½ Ã£ Ã¢ Ã¢Â½ Ã£ Ã¢ Ã¢Â½ Ã£ Ã¢ Ã¢Â½ semoga cepat sembuh metz pagi al,0,0.0,0,3,3,0,2,0
6186,0,curahan hati jan coy tidak enak jaman polbek kepastian rt,0,0.0,0,0,1,1,0,1
6187,1,hidup bahagia uang jabatan hidup bahagia kedamaian hargai orang,0,0.0,0,4,4,0,0,0
6188,0,Ã£ Ã¢ Ã¢Â½ Ã£ Ã¢ Ã¢ Â½a Ã£ Ã¢ Ã¢ Â½a Ã£ Ã¢ Ã¢ Â½a Ã£ Ã¢ Ã¢Â½ iya semoga amnesia iya aduh enak iya kakak tenar iri deh iya,-2,0.0,0,1,3,2,1,0
6189,1,nonton ftvfilm bad marsha god minah bikin geregetan kakak ackting keren sangat berhasil penonton terbawa suasana,0,0.0,0,2,2,0,1,0
6190,0,wara fitnah koko sipit gara-gara si yeh cargeran b pakai rusak Ã£ Ã¢ Ã¢Â½ Ã£ Ã¢ Ã¢Â½,0,0.0,0,-2,0,2,1,0
6191,0,dasar cowok modus cowok gila cowok sinting cowok stres cowok tidak ngotak dasar gila,0,0.0,1,-1,1,2,0,1
6192,1,melindungi orang sayang jhon carter,0,0.0,0,1,1,0,0,0
6193,1,hidup penuh pilihan pastikan hati nurani pikiran sejalan niat bakatmu pilihanmu sesuai harapanmu,1,0.0,0,3,4,1,2,0
6194,1,iya tidak item-item sin busi vespa mah hitam areng oh tertawa hah putih salah lihat kali hitam tertawa biar,0,0.0,0,-3,2,5,4,1
6195,0,adik rata-rata tidak masuk jakarta keras,0,0.0,0,-1,0,1,2,1
6196,0,ku bajingan penjahat kelamin menikam belas kasihan do t go anya where tonight saudara laki laki we want pas,0,0.0,0,-2,1,3,0,0
6197,1,oalah oke oke terima kasih iya,0,0.0,0,3,3,0,0,0
6198,0,iya ujian selesai ujian tidak libur wets iya saudara laki laki mh ujian ye enak orang,-2,0.0,0,1,2,1,0,1
6199,0,pagi jam,0,0.0,0,0,0,0,0,0
6200,1,iya deh iya barang mantan utuh cocok,0,0.0,0,2,2,0,1,0
6201,1,love cinta,0,0.0,0,2,2,0,0,0
6202,1,yeay cuti draftfcb Ã£ Ã¢ Ã¢,0,0.0,1,0,0,0,0,0
6203,0,sakit perhatin,0,0.0,0,-1,0,1,0,0
6204,0,susah dihubungin ty katanye habis uk sumpahya benci sangat,0,0.0,0,-2,0,2,0,0
6205,0,kacau,0,0.0,0,-1,0,1,0,0
6206,0,yah iyaya _ iya jendela gede tidak jendela,-2,0.0,0,0,0,0,0,1
6207,0,ih kakak norak,0,0.0,1,-1,0,1,0,0
6208,0,enga cowok kaya cowok tidak tahan cewek,0,0.0,0,1,1,0,1,1
6209,0,ayan tidak pacar lengkap,0,0.0,0,0,1,1,1,1
6210,1,iya allah mamiku kesehatan umur berkah aamiin Ã£ Ã¢ Ã¢Â½,0,0.0,0,3,3,0,0,0
6211,0,fuk apan peh _ gosip melert dendeng gurih gurih legit,-2,0.0,0,1,2,1,1,0
6212,1,tidak orang pelit belajar tingal lihat p,0,0.0,0,1,2,1,1,1
6213,1,duluan emotxtangis hoks status apan tom norak emotxtawa,0,0.0,0,-1,0,1,1,0
6214,0,hp ngeselin keadan ngeselin lengkap,0,0.0,0,1,1,0,0,0
6215,1,norak lurt adel cantik bangetsi,-1,0.0,0,0,1,1,0,0
6216,0,dih ririn fitnahnya bikin heru parah,0,0.0,0,-1,0,1,1,0
6217,1,x lia hati traktir lgian yan aneh aneh tertawa emotxtawa w iya si tidak mngkin lia traktir,1,0.0,0,0,2,2,2,1
6218,1,kakak cantik hapybirthday wish al the terbaik longlife cantik imut cempreng lucu yah hihi Ã£ Ã¢ Ã¢ sukses kakak alahblesyou,0,0.0,0,6,6,0,1,0
6219,1,tertawa iya ren ajakin cepat darla orang dipoto ngajakin alan-alan eymn,0,0.0,0,2,2,0,2,0
6220,1,balikan iya iya cinta tidak lari kemana jodoh Ã£ Ã¢ Ã¢Â½ Ã£ Ã¢ Ã¢Â½ Ã£ Ã¢ Ã¢Â½ Ã£ Ã¢ Ã¢Â½ Ã£ Ã¢ Ã¢Â½ Ã£ Ã¢ Ã¢Â½ Ã£ Ã¢ Ã¢Â½,0,0.0,0,3,3,0,0,1
6221,1,hai orang orang beriman jagalah dirimu keluargamu siksa api neraka,0,0.0,0,-2,0,2,0,0
6222,0,pakai nengok-nengok negor takut salah orang mengeluh tidak ketemu cewek cuco deh,0,0.0,0,-2,0,2,4,1
6223,0,bikin instagram kaya,0,0.0,0,0,0,0,1,0
6224,1,selamat makan cost cinere pic,0,0.0,0,2,2,0,1,0
6225,1,bilang lucu pakai kerudung tertawa,0,0.0,0,2,2,0,0,0
6226,0,lumayan nek bah jakarta iya nek b,0,0.0,0,0,0,0,0,0
6227,1,on pin iya he alhamdulilah bagus deh he he enga oalah kirain,2,0.0,0,2,2,0,1,0
6228,1,hm iya tidak kece habis tertawa,0,0.0,0,0,1,1,0,1
6229,1,keren out now nike air pegasus 9-9 usa,0,0.0,1,1,1,0,1,0
6230,0,sedih sangat jauh-jauh datengin grgr idam selasa Ã£ Ã¢ Ã¢ ninotchka cofe parlour diner Ã£ Ã¢ Ã¢,0,0.0,0,-1,0,1,1,0
6231,1,wak kenyang,0,0.0,0,1,1,0,0,0
6232,0,tidak da suka pekerjan cocok orang desember penyiar radio penulis pengacara dokter polisi artis pilot,0,0.0,0,1,2,1,1,1
6233,1,jakbar mal puri cengkareng tertawa tidak level ngegahol cafe kemang sayang,1,0.0,0,2,2,0,0,1
6234,1,ye dongseh senang iwh,2,0.0,1,1,1,0,0,0
6235,1,sok imut sangat tertawa zakiyong dvd ing chika,0,0.0,0,1,2,1,0,0
6236,1,tao badanya demam makaseh ea ira Ã£ Ã¢ Ã¢ sakit o uh iya calon bu guru Ã£ Ã¢ Ã¢,0,0.0,0,-1,0,1,0,0
6237,1,sodorin air cuci muka p mari tegakan nilai-nilai kebaikan keadilan kebenaran disetiap,0,0.0,0,2,2,0,1,0
6238,0,jam melelahkan _,-1,0.0,0,-1,0,1,0,0
6239,1,enak tidak hua emotxtawa cont,1,0.0,0,1,1,0,1,1
6240,1,tawa yona wakwaka rt sulit ye ling php disuruh pakai baju adat lailahailaulah,0,0.0,1,0,1,1,0,0
6241,1,ontheway church sayang Ã£ Ã¢ Ã¢,0,0.0,0,1,1,0,0,0
6242,1,iqbal behel nya kece deh jam sayang halo,2,0.0,0,2,2,0,1,0
6243,1,blay sibuk p,0,0.0,0,-1,0,1,0,0
6244,0,terserah marah terserah tidak peduli,0,0.0,0,-4,0,4,0,1
6245,1,adik _ emotxtawa h enak kakak seru barang ank-ank skelas,-1,0.0,0,2,2,0,1,0
6246,1,cepat online emotxtawa,1,0.0,0,1,1,0,1,0
6247,1,sabar fhy tidak dihargain cowok,2,0.0,1,0,1,1,1,1
6248,1,alhamdulilah baby nat aqiqah cepat yah sayang hug,0,0.0,0,3,3,0,2,0
6249,0,tidak kece tidak guweh Ã£ Ã¢ Ã¢Â½,-2,0.0,1,-1,0,1,0,2
6250,0,orang kaya orang lau,0,0.0,0,0,0,0,1,0
6251,1,akunya iri iri sangat kakak yanti,2,0.0,0,-2,0,2,0,0
6252,1,kenyang makan gorengan,0,0.0,0,2,2,0,0,0
6253,0,nungu orang bangets teraktir mie ayam yes,0,0.0,0,0,0,0,0,0
6254,1,lelah habis beresihin kamar Ã£ Ã¢ Ã¢,0,0.0,0,-1,0,1,0,0
6255,1,selamat ulang kartu perdana gthn jangan lupa traktiran iya,3,0.0,0,1,2,1,1,0
6256,1,boyo silau bantuin yah tertawa,0,0.0,0,2,2,0,0,0
6257,1,besok jadwalnya nyetor uang bang salon Ã£ Ã¢ Ã¢Â½ lma tidak maskeran rambut biar sehat wangi rambutnya Ã£ Ã¢ Ã¢ Â¹,0,0.0,0,2,2,0,2,1
6258,1,neida sombong emotxtangis morning to kakak morning adik kecekuh,-3,0.0,0,-1,0,1,1,0
6259,1,sulit,0,0.0,0,-1,0,1,1,0
6260,1,tertawa semangat yaw,0,0.0,0,2,2,0,0,0
6261,1,terima kasih oke sayang belajar rajin iya q mendoakan mu sampun belajar,0,0.0,0,7,7,0,0,0
6262,1,kode cal curahan hati jombs sih seneng senang tertawa,0,0.0,0,3,3,0,0,0
6263,1,tertawa penuh wildan lidya,0,0.0,0,0,1,1,1,0
6264,1,emotxtawa nt time chy tmni aamiin doakn chy lancar penelitian a,1,0.0,0,2,2,0,1,0
6265,1,sholat keren,0,0.0,0,2,2,0,0,0
6266,0,orang rendahkan ucapan murahan wanita tuna susila sampah harga dwitasari,0,0.0,0,-2,0,2,0,0
6267,1,sbgt pengantar sayang skripsi pakai pengantar fikir-fikir smlem mama melamar,0,0.0,0,1,1,0,1,0
6268,1,nilai sisi positif sekian,0,0.0,0,1,1,0,1,0
6269,1,kecepetan iya lamain emotxtawa thun cepat sangat sebentar selesai kuliah,1,0.0,0,2,2,0,2,0
6270,1,i m ful argh kenyang bego 9,0,0.0,0,1,1,0,0,0
6271,1,semangat chers,0,0.0,0,1,1,0,0,0
6272,1,nendang mah kuat,0,0.0,0,0,1,1,1,0
6273,1,akting serius slangkangan gatal tidak ganti b emotxtawa,1,0.0,0,-1,1,2,1,1
6274,1,bakso malang mandirikarnaval,0,0.0,0,-1,0,1,1,0
6275,1,tenang saudara laki laki nt,0,0.0,0,1,1,0,0,0
6276,1,terang terang,0,0.0,0,2,2,0,0,0
6277,1,tkp informasi jadwal artis favorit lho langsung submit request,0,0.0,1,1,1,0,1,0
6278,1,avanya cantik test avatar,0,0.0,0,1,1,0,1,0
6279,1,egila mudah rambut gampang kusut menandakan hdp teratur mudah sedih nmn pribadi ceria tanguh,0,0.0,0,2,4,2,3,0
6280,1,kode sangat sih adik sayang deh rizka mah tidak jahat kakak orang rizka,0,0.0,0,1,2,1,1,1
6281,0,ruang sidang kaya pasar yah,0,0.0,0,0,0,0,2,0
6282,1,sabar saudara laki laki calon orang sukses paket habis pulsa habis uang habis,0,0.0,0,2,2,0,1,0
6283,0,enak bicara emotxtawa w latihan pelepasan _ bosan,-1,0.0,0,0,1,1,0,0
6284,0,wisuda tidak kasih apa-apa deh surat september kemarin kasih suratnya didia hilang tidak,0,0.0,0,-1,1,2,0,2
6285,1,gratis,0,0.0,0,1,1,0,1,0
6286,0,neng _ rt iya jamb iya,-2,0.0,0,0,0,0,0,0
6287,1,malam makan mie aceh kumpul kumpul habis pulang lab bayangmu teman,0,0.0,0,1,1,0,0,0
6288,0,kena tanah merah iya jeblok kaya habis bertengkar habis nonton konser Ã£ Ã¢ Ã¢Â½,0,0.0,1,-1,0,1,1,0
6289,0,hasil kali menang kali kalah kali seri masukkan gol kemasukan gol point gmu,0,0.0,0,0,1,1,0,0
6290,0,tertawa lag kaya orang mati tidur cuk mati mah tidak bangun _ iya oke arstronot tidur tah mati kstu,-2,0.0,0,-2,2,4,1,1
6291,1,kamis ajeh kamis Ã£ Ã¢ Ã¢Â½ Ã£ Ã¢ Ã¢Â½ duluan,0,0.0,0,0,0,0,0,0
6292,0,tama b mati ny,0,0.0,0,-1,0,1,0,0
6293,1,maunya masuk p emotxtawa besok caca tidak masuk supeng tertawa konyol ih p,1,0.0,0,0,1,1,0,1
6294,1,aldi cie cinta cinta Ã£ Ã¢ Ã¢Â½,0,0.0,0,2,2,0,0,0
6295,0,tertawa twet awam kaya cu coba astaga tertawa,0,0.0,0,2,2,0,1,0
6296,0,lihat omi alamat tidak sc nich nonton omi malam omi seru,0,0.0,0,1,1,0,1,1
6297,1,dih Ã£ Ã¢ Ã¢Â½ Ã£ Ã¢ Ã¢Â½ gp sih tidak labil p rizcasr tadu eyut uyut tidak konsisten deh,0,0.0,0,0,1,1,1,2
6298,0,madrid tim dibangain sok sih lho ngeremehin lawan makan 2 1 kandang tertawa gelar mampus tertawa,0,0.0,2,0,3,3,0,0
6299,1,ah adik besok ta iya ji enak sangat iya,0,0.0,0,1,1,0,1,0
6300,1,jangan letih mencintaiku jangan lelah menyayangiku hinga bumi tidak bermentari Ã£ Ã¢ Ã¢,0,0.0,0,0,2,2,0,2
6301,1,tidak urusan orang seneng,0,0.0,0,0,0,0,0,1
6302,0,berangkat kampus jangan lupa mukanya bawa biar kampus tidak sibuk cari cari muka dosen emotxtawa,1,0.0,0,1,2,1,0,1
6303,0,idiot anjing nadyakarina heh kamari curahan hati pan jeung ceunah urus rumah pulang kerja masak,0,0.0,1,0,2,2,1,0
6304,1,dibutuhkan pria jatuh cinta pandangan detik,0,0.0,0,1,1,0,1,0
6305,1,tertawa ku tidak skolh nyeh orang p emotxtawa khildakn garau fit terlambat malas skolah fitri_ratna_ anak kelas banya,1,0.0,0,-1,1,2,0,1
6306,1,oke audi iza tidak enak audi iza usahakan,0,0.0,0,0,1,1,0,1
6307,0,ih _ jelek papan mas iya ciyan papan,-2,0.0,0,-1,0,1,0,0
6308,0,adik gu mang konyol lks dkerjain orang adik iya lks pendidikan jasmani disi,0,0.0,1,-1,0,1,0,0
6309,1,biskuit enak bikin hapy ayo folow kamera slr galtab lho cek favnya biskuitkokola,0,0.0,1,2,2,0,0,0
6310,0,lesu,0,0.0,0,-1,0,1,1,0
6311,0,if i lose myself reminya aneh deh,0,0.0,0,-1,0,1,1,0
6312,1,z tertawa cnd kakak iya intinya tidak pacar tertawa p tidak pacar terhormat,2,0.0,1,1,3,2,3,2
6313,0,salah kali iya ah,0,0.0,0,-1,0,1,1,0
6314,0,pintar dipakai minjemnya sam _,-1,0.0,0,1,1,0,0,0
6315,0,tidak ah kesal wajib redpasion istfcbfigathnas,2,0.0,1,0,1,1,0,1
6316,1,finya unindra bismilah deh semoga pilihan terbaik,1,0.0,0,3,3,0,1,0
6317,1,bohong _ aduh ileh galau iya prt p wle p,0,0.0,0,-3,0,3,0,0
6319,1,lucu,0,0.0,0,1,1,0,0,0
6320,0,parah ye,0,0.0,0,-1,0,1,0,0
6323,0,asli liburan Ã£ Ã « Ã¢Â¹,0,0.0,1,1,1,0,1,0
6325,1,yauda diemin ndah tidak gangu hubungan orang biarin senang kehidupanya tertawa,2,0.0,0,2,2,0,1,1
6326,0,sembuh Ã£ Ã « Ã¢ Â¹kalo kurus tidak asik,1,0.0,0,-1,1,2,1,1
6327,1,emotxtawa ganas sebentar tertawa yoman aniayaya bibir pakai bibir hahwhahwaha,1,0.0,0,0,1,1,0,0
6328,1,iya jam malam serius masuk trend bikin emotxtawa gamalielopentwiter,1,0.0,0,0,1,1,1,0
6329,1,cute p iya kakak cute p night semoga mimpi indah tidur,2,0.0,0,2,2,0,0,0
6330,1,iya deh sangat mah apan tertawa iya samasama peg,0,0.0,0,0,1,1,1,0
6331,0,orang tua sibuk rumah makanan beku o,0,0.0,0,-2,0,2,1,0
6332,0,biarin p sih nyambung nyambung kaya pentir ayan lon,0,0.0,0,0,0,0,1,0
6333,0,parah macet na sthn,0,0.0,0,-2,0,2,1,0
6334,1,selamat pagi kekasih hati,0,0.0,0,2,2,0,0,0
6335,0,aneh kelakuan bodo permata depok sektor nilam Ã£ Ã¢ Ã¢,0,0.0,0,-1,0,1,1,0
6337,1,dibalik perasan menyesal perjuangan keras,0,0.0,0,0,1,1,1,0
6338,1,yey makaci icat mumuah,0,0.0,0,0,0,0,0,0
6339,1,iya lh galau nyo lh pandai selingkuh ma ma prlu kuliah lai emotxtawa nyo ambiak jurusan selingkuhr,1,0.0,0,0,1,1,0,0
6340,1,ayo kesana p lapiz sayang dimance,0,0.0,0,2,2,0,0,0
6341,0,berduka cita wafatnya uly artha salah artis senior may you rest in peace makan uly,0,0.0,0,1,2,1,3,0
6342,0,naksir kawan murahan boy,0,0.0,1,-1,0,1,0,0
6344,1,langkahin deh Ã£ Ã¥ Ã¢ Ã£ Ã¢ Ã¢ Â½ Ã£ Ã¥ Ã¢ Ã£ Ã¢ Ã¢Â½ cincin tunangan kaya c,0,0.0,1,0,0,0,1,0
6345,1,senang habis jembatan sumarecon bekasi,0,0.0,0,1,1,0,0,0
6346,1,lucu orang-orang ngamuks habis urusan orang tertawa,2,0.0,0,2,2,0,0,0
6347,1,bismilah terima kasih sahabat kasih ngbuka mata pikiran lega nya pakai sangat,0,0.0,0,4,4,0,0,0
6349,0,laporan sk laporan kelbin kti stres,-1,0.0,0,-1,0,1,0,0
6350,1,selamat pagi rise shine jackases Ã£ Ã¢ Ã¢Â½ pic Ã£ Ã¢ Ã¢,0,0.0,1,1,1,0,0,0
6352,1,kak enga ngapa-ngapain daerah rumah ku kak,1,0.0,0,0,0,0,0,0
6354,1,cekuyah duyu anak rajin tidak,0,0.0,0,1,1,0,0,1
6355,1,emotxtawa berani,1,0.0,0,1,1,0,1,0
6356,1,suasana alamnya indah van kgen spart kangen kampung iya,0,0.0,0,0,1,1,1,0
6357,0,menyedihkan menyayangi tidak,0,0.0,0,-1,0,1,0,1
6358,1,terpaksa tidak ikutan sedih strong sayang Ã£ Ã¢ Ã¢,5,0.0,0,1,2,1,0,1
6359,0,banjir macet keributan panas iya tuhan,0,0.0,0,-3,0,3,2,0
6360,1,hulk akut norak alayers yaroek ech,0,0.0,1,-2,0,2,0,0
6361,1,i m rumah nita Ã£ Ã¢ Ã¢Â½ Ã£ Ã¢ Ã¢Â½ harapan indah bekasi pic,0,0.0,0,2,2,0,1,0
6362,0,kerja tidak serius,0,0.0,0,1,2,1,1,1
6363,1,pagi cantik Ã£ Ã « Ã¢Âº,0,0.0,0,1,1,0,0,0
6364,0,kondisi serba tidak enak griya alam sentosa cileungsi Ã£ Ã¢ Ã¢,0,0.0,0,-1,0,1,0,1
6366,0,kelarnya wicaksono home pic Ã£ Ã¢ Ã¢,0,0.0,0,0,0,0,0,0
6367,0,coba emot kesal,0,0.0,0,-1,0,1,0,0
6369,0,besok rumah sakit dm eror,0,0.0,0,-2,0,2,0,0
6370,1,jug sayang sayang malaikat hihi Ã£ Ã¢ Ã¢ Â½ Ã£ Ã¥ Ã¢ Ã£ Ã¢ Ã¢Â½,0,0.0,0,2,2,0,0,0
6371,0,dipuncak kesedihan inipun tegar tuhan butuh penopang tiang hatiku,-1,0.0,0,0,1,1,0,0
6372,0,hajar bre ouh iya tampang lau kaya pingiran wajan gosong jangan sok jual mahal lau,0,0.0,0,-2,1,3,2,0
6373,1,risiko ditakuti dihadapi cerdik cerdas profesional others pic,0,0.0,0,3,3,0,1,0
6374,1,iya Ã£ Ã¢ Ã¢Â½ semoga sehat sedia,0,0.0,0,2,2,0,1,0
6376,1,pas prj gajian emotxtawa h,1,0.0,0,1,1,0,0,0
6378,1,Ã£ Ã¢ Ã¥ suka mengaku mengaku om om keren mah om om ketemu cowok cakap,0,0.0,0,2,3,1,0,0
6379,1,bagus iya poto pakai cameraego bikin langsing Ã£ Ã¢ Ã¢ Â¹Ã£ Ã¢ Ã¥ Â¾ Ã£ Ã¢ Ã¢ Â¹Ã£ Ã¢ Ã¥ Â¾ Ã£ Ã¢ Ã¢ Â¹Ã£ Ã¢ Ã¥ Â¾ Ã£ Ã¢ Ã¢ Â¹Ã£ Ã¢ Ã¥ Â¾ Ã£ Ã¢ Ã¢ Â¹Ã£ Ã¢ Ã¥ Â¾ Ã£ Ã¢ Ã¢ Â¹Ã£ Ã¢ Ã¥ Â¾ Ã£ Ã¢ Ã¢ Â¹Ã£ Ã¢ Ã¥ Â¾ Ã£ Ã¢ Ã¢ Â¹Ã£ Ã¢ Ã¥ Â¾ Ã£ Ã¢ Ã¢ Â¹ Ã£ Ã¢ Ã¢ Â½ Ã£ Ã¢ Ã « Ã£ Ã¢ Ã¢ Â½ Ã£ Ã¢ Ã « Ã£ Ã¢ Ã¢Â½,-1,0.0,0,1,1,0,1,0
6380,0,basah kuyup arum jeram _,-1,0.0,0,-1,0,1,0,0
6381,1,omong p pokoknya kena kena apan sok sangat tertawa biarin kena,0,0.0,1,0,1,1,0,0
6382,1,bang nonton film cinta brontosaurus,0,0.0,0,1,1,0,0,0
6383,0,miapa dedep hancur,0,0.0,0,-1,0,1,1,0
6384,1,mis jelek bicara bicara mis folowersnya sih,0,0.0,0,-1,0,1,1,0
6385,0,bingung bocah dewasa ck,0,0.0,0,-1,1,2,1,0
6391,0,apan grgr dangdut,0,0.0,0,0,0,0,0,0
6392,0,indovision sembarangan motong sinema elektronik korea ngelunjak ergh,0,0.0,3,-2,0,2,1,0
6393,1,skiping enak iya,0,0.0,0,1,1,0,0,0
6394,0,tidak papa sih _ rt saputranr parah si putra emotxtawa h Ã£ Ã¢ Ã¢Â½,1,0.0,0,-1,0,1,1,1
6395,0,keselnya kesal tertawa iya malam mingu kayaknya bosan sangat,0,0.0,0,-1,1,2,1,0
6396,1,he oke deh sayang,0,0.0,0,2,2,0,0,0
6397,1,kucing nya tidak bulu salah kebiasan kucing pulang rumah nyamperin mijitin peru,0,0.0,0,0,1,1,2,1
6398,1,sih dila sombong p apasi asa p wo sombong wo,0,0.0,2,-2,0,2,0,0
6399,0,maksod pas si muloh subur akun twetnya,0,0.0,0,2,2,0,0,0
6400,1,terima kasih nisa selamat ulang mama nya rindu,0,0.0,0,3,3,0,1,0
6401,0,kampus asing,0,0.0,0,-1,0,1,1,0
6402,0,supermanya tidak kaya Ã£ Ã¢ Ã¢Â½ ceritanya Ã£ Ã¢ Ã¢Â½ Ã£ Ã « Ã¢ man of stel Ã£ Ã¢ Ã¢,0,0.0,0,0,0,0,1,1
6403,1,eh si karata yawoh meleleh tidak kuat Ã£ Ã¢ Ã¢Â½ Ã£ Ã¢ Ã¢Â½ ces,0,0.0,0,-1,0,1,1,1
6404,0,panjangnya dea s rom pic Ã£ Ã¢ Ã¢,0,0.0,0,0,0,0,0,0
6405,1,lucu,0,0.0,0,1,1,0,0,0
6406,1,bensin soribu liter jakarta macet kesal,0,0.0,0,-2,0,2,1,0
6407,0,tidak masuk bng sakit perut,0,0.0,0,-1,0,1,1,1
6408,1,selamat tangal semoga iya dewasa Ã£ Ã « Ã¢ Âº Ã£ Ã¢ Ã¢ Ã£ Ã¢ Ã¢Âª,0,0.0,0,2,3,1,2,0
6409,1,emotxtawa sialan besok juara liga ny biar siarin tertawa pis tidak nonton bareng ling streami,1,0.0,0,1,2,1,0,1
6410,1,selamat tidur ganteng cantiknya tidak Ã£ Ã¢ Ã¢ deh fajar others post production global tv bth flor Ã£ Ã¢ Ã¢,0,0.0,0,2,2,0,1,1
6411,0,kangen asli misyu bey,-2,0.0,0,0,1,1,1,0
6412,1,tidak peduli sesakit tidak kuhiraukan menungu ujung jalan mengengam tanganku ku,0,0.0,0,-1,0,1,0,2
6413,1,berdebat menghujat berfikirlah rasional irasional semoga tidak hancur selamat malam tweps,0,0.0,0,1,3,2,5,1
6414,1,runing man main bagus tidak pilemnya,0,0.0,0,1,1,0,2,1
6415,1,sore kakak halo selamat sore,2,0.0,1,1,1,0,1,0
6416,1,pelajaran tertawa i m fre gpelajaran _ oiya tidak mikir pusing tertawa,-2,0.0,0,2,3,1,0,1
6417,1,tenang bm an kangen kakak kelas,1,0.0,0,0,1,1,1,0
6418,0,dibaik baikin tidak ditahan tahanin menyiksa hati,0,0.0,0,0,1,1,0,1
6419,1,selamat makan Ã£ Ã¢ Ã¢Â½ Ã£ Ã¢ Ã¢Â½ with others ah mei cafe pejaten vilage pic Ã£ Ã¢ Ã¢,0,0.0,0,2,2,0,1,0
6420,1,iya didepan baiknya terlihant hati,0,0.0,1,1,1,0,0,0
6421,1,thang haerudin bakso malang karapitan,0,0.0,0,-1,0,1,0,0
6422,1,pondok indah rowley jiji fregley he oke fregley,0,0.0,0,2,2,0,1,0
6423,1,tertawa kaya iklan bel bochor-bochor,0,0.0,0,1,1,0,0,0
6424,0,prospek der tidak uang yah tidak dbkin private message deh tidak _,-1,0.0,0,0,0,0,0,3
6425,0,maksudnya salah maksud,0,0.0,0,-1,0,1,1,0
6426,1,selamat pagi si penjaga tulang rusuku Ã£ Ã¢ Ã¢ Â½ Ã£ Ã¥ Ã¢ Ã£ Ã¢ Ã¢Â½ Ã£ Ã¢ Ã¢Â½,0,0.0,0,1,1,0,0,0
6427,1,eh emotxtawa terima kasih jal soundcloudnya bagus l,1,0.0,0,2,2,0,1,0
6428,1,anak dung hah enak vita anak yapenda,0,0.0,0,1,1,0,0,0
6429,1,eh buset sayang ade papa,0,0.0,0,1,1,0,0,0
6430,1,tidak manusia kaya situ _ rizal_vrdaus alhamdulilah iya tertawa,0,0.0,0,2,2,0,1,1
6431,1,iya kakak bigthanks iya sayang Ã£ Ã¢ Ã¢Â½ Ã£ Ã¢ Ã¢Â½ Ã£ Ã¢ Ã¢ Â½ Ã£ Ã¥ Ã¢ Ã£ Ã¢ Ã¢ Â½c trsenyum brdoa apapun Ã£ Ã¢ Ã¢Â½ trjadi Ã£ Ã¢ Ã¢Â½ Ã£ Ã¢ Ã¢ Â½ Ã£ Ã¥ Ã¢ Ã£ Ã¢ Ã¢Â½ 9,0,0.0,0,1,1,0,0,0
6432,1,_ he iya kak nginep-nginepnya tidak kak cepat bingit _ tertawa mangat deh deh,-3,0.0,0,1,2,1,1,1
6433,1,mamah sayang hrusnya tidak takut ngehubungin,0,0.0,0,1,1,0,1,1
6434,0,tenang si li tenan p,0,0.0,0,1,1,0,0,0
6435,0,iyah seram yah marah _,0,0.0,0,-2,0,2,1,0
6436,0,kehilangan sahabat sakit kehilangan pacar nuel ibthn suka ngemutin celana o,0,0.0,0,0,1,1,1,0
6437,1,emotxtawa macet sangat macet puri tertawa a emotxtawa h puri puri,2,0.0,0,-1,1,2,2,0
6438,0,sinyal rumah _,-1,0.0,0,0,0,0,0,0
6439,0,mulainya _,-1,0.0,0,0,0,0,0,0
6440,0,anak rajin Ã£ Ã¢ Ã¢Â½ _,-1,0.0,0,1,1,0,0,0
6441,0,noh kaya kotoran,0,0.0,0,-1,0,1,1,0
6442,1,tertawa fi leby ah msa segitunya emotxtawa terharu nagis iri,1,0.0,0,0,1,1,1,0
6443,0,stres bocah _,-1,0.0,0,-1,0,1,0,0
6444,1,working pt anugerah kemenangan akb Ã£ Ã¢ Ã¢,0,0.0,1,1,1,0,0,0
6445,1,ayo ikutan tidak nya hadiah menarik menungu lho raianivga,0,0.0,1,2,3,1,0,1
6446,0,saelah bunda dewe marah emotxtawa sompret bawa umur iya igtahun mengeluh,1,0.0,0,-2,0,2,1,0
6447,0,nungu jalan gratis kantor bandung jogja gtatis _,-1,0.0,0,1,1,0,2,0
6448,0,sakit sih yalah z,0,0.0,0,-1,0,1,0,0
6449,0,moving hape ejam teror,0,0.0,0,-1,0,1,0,0
6450,0,ramai Ã£ Ã¢ Ã¢Â½ Ã£ Ã¢ Ã¢Â½ Ã£ Ã¢ Ã¢ Â½ Ã£ Ã¥ Ã¢,0,0.0,0,0,1,1,1,0
6451,1,duniamention mention teman rajin,0,0.0,1,1,1,0,0,0
6452,1,menghilangkan pikiran buruk kepala mari run fitnes center bang indonesia Ã£ Ã¢ Ã¢,0,0.0,1,-1,0,1,1,0
6453,1,setangkai bunga buah kue romantis cowok kaya iya 3,0,0.0,0,1,1,0,1,0
6454,0,tidak kesal ksel,0,0.0,0,1,1,0,0,1
6455,1,tidak sih sayang,0,0.0,0,0,1,1,0,1
6456,1,belajar yak biar besok tidak kebingungan kaya mtk tertawa,0,0.0,0,2,2,0,1,1
6457,1,berangkat bakso mah enak,0,0.0,0,0,1,1,0,0
6458,0,sayang banci terbukti bersalah pidana jbulan,0,0.0,1,0,1,1,0,0
6459,1,enak dikemayoran yan _ nge bayang ngin ketan putih susu tertawa tansus dimane,-2,0.0,0,2,2,0,0,0
6460,1,raya idul remajaindonesia fav,0,0.0,0,1,1,0,0,0
6461,0,anak norak _,-1,0.0,0,-1,0,1,0,0
6462,1,hati tidak bohong jujur sayang ah ntahlah,0,0.0,0,3,4,1,0,1
6463,1,sesosok wanita junior kampus kenal anak nya sangat polos semoga terbaik,1,0.0,0,2,2,0,2,0
6464,1,abisnya tidak perhatin sih muti kakak muti ngapa deh iyah cantik _,-1,0.0,0,1,1,0,1,1
6465,1,liliana natsir kece badai iya allah,0,0.0,0,2,2,0,0,0
6466,1,hepi besday kakak semoga cantik pintar sholeha umur sehat kebangan orangtua amin Ã£ Ã¢ Ã¢,0,0.0,1,5,5,0,2,0
6467,0,artis tidak homo mah tidak keren Ã£ Ã¢ Ã¢Â½ ade hombreng Ã£ Ã¢ Ã¢Â½ jijik,0,0.0,0,-1,2,3,1,2
6468,0,jaman iya telepon pakai private number halah sok misterius tidak hedeh cpd p,0,0.0,1,-1,0,1,1,1
6469,1,barutau iwa lucunya emotxtawa lucu ngeflbck si maaf eror he,1,0.0,0,0,1,1,0,0
6470,0,oke kali ngantuk,0,0.0,0,1,1,0,0,0
6471,1,bandung jangan nakal eaps,0,0.0,0,0,1,1,0,0
6472,1,oke oke terima kasih iya,1,0.0,0,3,3,0,0,0
6473,1,hidup tenang penuh syukur sehat hidup harapanku,0,0.0,0,4,5,1,2,0
6474,1,senyumanmu gelisah tidak menentu,0,0.0,0,-1,0,1,0,1
6475,1,oce said iri kakak,1,0.0,0,-1,0,1,0,0
6476,0,aigo exo bagus riweuh iya artis label tidak kaya fans-fansnya,0,0.0,0,1,1,0,3,1
6477,1,noverina saum daya utama manajemen sumberdaya lahan msl kenalan,0,0.0,0,1,1,0,1,0
6478,0,balikrmh saudara makan mang kmana cepat 3,0,0.0,0,2,2,0,1,0
6479,1,timbang uas nes jelek tingal ngulang emotxtawa ih mentang-mentang merasakan _,1,0.0,0,-1,0,1,0,0
6480,1,,0,0.0,0,0,0,0,0,0
6481,1,seafod sih mah beli tidak mengantri p brbngikutantrianwine marketingoficegrencove,0,0.0,0,-1,0,1,0,1
6482,1,cinta tidak butuh sempurna butuh ketulusan cintamu tulus cintamu sempurna,0,0.0,0,4,5,1,1,1
6483,0,males kaya huh,0,0.0,0,-1,0,1,1,0
6484,1,sebentar cici botel tungu posy junior iya emotxtawa bikin emotxtawa rt posynatashya anak lucu sangat jadipengenpunya,2,0.0,0,1,1,0,0,0
6485,0,,0,0.0,0,0,0,0,0,0
6486,1,mbak mas qhotanya jahat tertawa anak buahnya nyipelet Ã£ Ã¢ Ã¢ Â½rt anak buahnya mas qhota mbak,0,0.0,0,0,1,1,0,0
6487,0,t spasi t e spasi e cyert komunikasi gampang nelpon pakai tab gede sangat,0,0.0,0,2,2,0,0,0
6488,1,kali landingnya besok telbang pacar akuh medan ah tidak pas sih ngajakinya _,-1,0.0,0,-1,0,1,2,1
6489,1,emotxtawa kangin ngelawak ma si oktiya ngegodain oktiya ah iri _ gp senang tidak lihat langsung,-1,0.0,2,0,1,1,0,1
6490,1,doaku tuhan jangan biarkan berkeluh kesah berpikiran sempit berhati kotor bersifat malas,0,0.0,0,-3,0,3,2,0
6491,0,rusuh si abi,0,0.0,0,-1,0,1,0,0
6492,0,oh nomor sasaran brikut kepala pusing,0,0.0,1,-2,0,2,0,0
6493,0,setan mi orang pin nanyain on of _,-1,0.0,0,-1,0,1,0,0
6494,0,ayo finya niy tidak mengajak malmongan niy iokm jam,0,0.0,0,1,1,0,0,1
6495,0,cantik matre wajar jelek matre baca istighfar,0,0.0,0,1,2,1,0,0
6496,1,mendadak kaya bikin festival apapun tolong diperhatin namanya tong sampah iya terima kasih,0,0.0,0,0,1,1,2,0
6497,0,kelaparan solaria,0,0.0,0,-1,0,1,0,0
6498,1,asyik asyik ngebosin nyimak Ã£ Ã¢ Ã¢Â½ insya allah,0,0.0,0,3,3,0,0,0
6499,1,oke,0,0.0,0,1,1,0,0,0
